12177,LM,352,3.2,724,88,454
3321,CDM,228,1.9,985,703,883
10701,CAM,173,3.9,400,81,268
5781,RW,152,1.6,495,406,158
12177,RW,411,1.2,299,357,405
9594,CAM,9,3.0,297,150,261
9963,LW,72,2.6,494,666,626
1845,CAM,95,2.9,889,13,588
2337,CDM,300,2.3,295,462,866
2583,RW,409,1.2,447,975,627
4305,GK,11,3.2,601,698,643
4182,RM,466,4.3,735,950,162
10824,RW,328,1.7,324,754,542
8856,GK,304,4.2,9,390,109
7872,LW,398,3.4,248,431,156
9840,LB,382,4.8,417,280,801
11562,CAM,53,2.6,465,204,568
8487,ST,163,4.1,950,931,667
5412,ST,362,2.3,515,734,710
10701,LW,64,1.6,970,917,946
4674,ST,264,4.0,936,893,391
3690,RW,235,1.2,98,187,896
3567,ST,297,4.1,275,859,938
5781,LW,28,3.4,391,383,84
10209,CAM,202,2.0,97,618,728
6765,ST,297,2.8,827,419,72
1599,ST,485,3.4,642,970,943
1353,RW,421,4.3,395,198,439
2460,RM,121,3.7,413,282,734
9963,LB,151,4.7,839,809,219
8241,ST,326,2.5,800,56,962
3567,RW,383,3.1,581,962,259
6888,LW,203,2.1,87,549,864
11685,GK,226,1.9,406,509,495
6642,LW,141,2.5,204,957,92
6642,RB,170,4.7,775,151,21
7503,GK,373,3.4,746,389,969
1722,RW,379,2.5,37,356,706
6027,LM,305,2.8,468,107,517
4428,RB,198,2.9,303,313,616
11316,RB,389,3.2,194,327,140
9102,RW,146,1.3,791,720,199
7626,LM,316,3.7,545,165,760
10701,GK,342,3.7,854,840,559
5166,CDM,83,3.5,368,82,53
6396,GK,111,2.1,901,371,442
7749,RB,411,1.8,197,882,132
6396,RB,425,2.0,120,295,170
9102,LW,404,2.8,293,632,562
12054,RW,154,4.2,215,394,677
8733,RW,394,2.4,226,633,488
4305,LB,217,2.5,988,816,1
1230,CAM,400,2.2,861,850,507
11316,LW,137,1.3,167,676,275
4182,RB,218,1.5,939,844,947
10824,LB,216,4.3,802,112,348
1599,RW,321,3.8,118,627,924
6027,GK,93,2.5,688,696,40
9348,ST,66,1.8,181,536,213
8118,CAM,163,2.3,81,794,67
1476,LB,396,4.3,789,146,480
10824,ST,150,2.1,94,878,403
8733,RW,177,3.6,843,492,124
10824,ST,74,1.2,218,348,580
6642,CDM,346,3.2,238,209,189
6396,CDM,32,3.4,186,156,664
6273,LM,277,1.7,955,470,15
9348,RW,412,1.8,330,591,738
8610,LB,469,1.2,651,571,592
11931,CB,349,3.1,479,524,417
4182,ST,345,1.6,959,339,881
2583,CDM,128,4.2,166,637,842
11931,LM,475,1.0,162,728,589
6642,CB,371,1.2,912,488,633
5535,CDM,76,1.8,806,179,36
11070,ST,323,3.3,741,354,32
10947,RW,172,3.4,145,918,152
7995,LB,248,4.6,408,535,773
4551,RM,373,4.0,457,69,797
8364,RM,329,3.6,272,232,326
5781,GK,71,3.4,123,274,901
5535,GK,318,2.9,281,216,926
11070,RM,397,3.3,921,359,851
10824,RB,288,2.0,359,79,174
4674,LM,396,2.3,932,664,291
5289,CDM,165,1.5,989,366,304
7872,LW,353,4.4,527,454,867
11193,CB,219,2.6,241,30,94
4059,LM,248,2.1,994,231,853
1845,RB,296,1.9,840,91,168
1968,RB,182,1.3,951,568,31
10455,RW,399,2.6,234,50,725
8610,RM,337,4.6,629,807,780
8487,CB,274,2.7,798,365,859
10701,RW,125,3.6,463,815,524
4428,ST,121,3.2,79,416,284
9594,CB,94,4.3,633,660,765
12300,RB,270,4.8,787,602,650
6027,CB,433,2.4,855,54,134
3321,CDM,214,2.8,418,250,322
7749,CDM,215,3.5,357,46,155
11808,LW,20,1.3,24,743,323
10209,LB,474,1.9,128,777,615
2214,GK,98,1.9,947,860,783
2091,RW,401,2.2,723,562,874
10209,GK,326,2.1,414,210,958
1476,RW,46,3.8,753,827,973
8118,LW,401,1.8,426,315,838
9225,LB,368,3.1,615,636,39
1353,CB,354,4.5,744,766,117
10578,GK,298,4.7,862,487,557
6027,LM,253,2.9,353,240,547
3321,CB,465,4.6,793,456,413
2337,CAM,115,3.0,428,329,858
9225,LM,44,2.6,296,80,418
8979,LB,235,4.5,914,972,121
10824,GK,421,2.3,705,930,964
2583,LM,150,3.9,278,814,462
12054,LM,97,3.8,309,38,720
5658,CB,330,4.5,433,265,148
11070,RW,216,4.7,758,205,742
7134,LB,7,2.5,632,642,571
4182,RM,233,3.6,283,105,145
5289,RB,63,3.0,607,497,622
9348,CAM,248,1.1,246,677,306
9840,RM,232,4.0,592,396,516
4182,CAM,419,2.6,277,399,925
4182,RM,394,2.3,962,911,217
4551,LW,64,4.2,565,980,601
3567,RB,23,1.3,935,751,572
8733,LM,225,4.0,191,967,301
3444,LB,338,2.3,336,437,297
4182,ST,121,1.2,726,201,377
11439,LW,189,2.4,245,553,45
3936,LW,487,4.6,620,111,345
11193,LW,208,4.7,108,831,632
1476,ST,96,5.0,284,735,694
5412,LM,238,2.5,508,358,273
9840,RM,380,4.8,1,624,518
9717,RM,209,2.6,356,430,823
3321,GK,17,3.4,232,129,812
8979,CB,117,4.0,768,796,916
8118,CAM,182,2.2,242,194,347
10824,GK,466,4.3,983,108,9
10701,LM,157,3.8,328,76,64
1599,LB,6,3.9,574,752,675
12300,LB,358,4.6,256,716,449
4920,CB,387,4.4,434,221,561
10947,LB,158,5.0,650,701,122
8241,RW,252,2.1,836,835,397
2091,CB,33,4.0,386,285,794
7380,RM,10,4.9,95,823,877
8241,CAM,340,1.3,243,866,963
3198,CB,113,1.5,13,760,210
7257,LB,476,2.9,384,723,501
4059,RW,480,1.8,795,127,888
3321,LB,481,1.3,177,471,459
8241,CDM,124,1.3,70,3,249
8733,CAM,110,2.1,390,432,882
4920,ST,467,4.2,247,905,543
6765,LW,62,1.2,857,229,577
12054,ST,223,3.2,757,17,510
3444,CB,285,4.7,341,28,798
3567,RB,22,4.1,874,104,46
2091,GK,214,4.6,397,906,752
9102,CB,163,4.9,455,186,212
4920,RW,84,4.2,56,363,28
2706,ST,116,4.1,36,925,567
9471,RW,489,3.7,884,604,653
9471,LB,176,4.6,173,762,224
11931,ST,212,4.4,923,480,363
2091,CDM,327,2.9,412,651,27
9594,LW,388,1.6,926,314,885
5904,RB,178,1.6,327,725,939
8856,CB,89,2.4,894,846,819
3075,RW,378,3.5,822,563,422
2952,GK,182,1.3,808,408,66
5781,ST,129,2.2,171,756,203
2952,ST,359,1.5,316,158,795
6150,LW,428,3.5,589,407,157
2829,LB,324,2.7,405,826,494
9348,CDM,428,4.3,195,351,821
11316,LW,60,1.0,563,737,258
2583,ST,5,1.6,39,227,566
5166,LM,356,2.0,351,841,242
4182,LB,418,2.2,361,586,238
12054,GK,334,2.9,716,707,604
8241,GK,232,2.1,212,67,460
10947,LW,331,3.9,224,243,699
9471,LW,246,1.4,982,479,861
1230,CDM,402,3.3,251,247,529
9225,LW,131,2.7,644,48,998
5904,LM,460,1.4,556,691,91
5043,LB,261,4.8,151,236,139
1599,LW,451,1.9,957,220,852
9102,GK,353,3.0,837,927,23
5289,LM,361,4.5,782,616,785
5658,CDM,412,1.1,952,121,912
9348,CB,325,4.8,728,910,716
8979,CDM,122,3.1,374,84,205
6888,RM,77,4.7,304,320,685
9348,LW,174,3.2,613,879,764
10578,CDM,421,3.0,446,596,49
3690,RW,58,4.7,51,128,392
5904,RW,5,4.9,305,223,751
8364,LB,199,4.4,148,722,551
5658,LM,470,3.0,187,643,149
7749,CB,257,5.0,597,184,375
3321,RW,57,1.4,273,897,311
11439,LM,206,1.6,671,994,350
11808,CAM,321,3.9,637,78,522
9717,RB,288,4.8,943,667,215
4182,RB,428,1.2,956,721,390
4059,ST,77,1.5,602,195,70
3075,LM,287,4.1,381,945,167
3690,CB,362,3.0,941,977,761
8118,ST,179,1.1,534,884,302
2337,ST,375,1.2,138,880,75
10455,GK,10,1.3,176,853,440
3936,GK,165,3.1,288,410,247
1353,ST,91,3.0,438,963,356
5289,LM,99,3.6,233,626,618
3321,RM,462,2.5,560,451,502
3690,LW,43,1.1,436,996,933
7134,ST,207,2.5,510,97,607
7257,CAM,10,4.5,240,834,630
3444,RM,394,2.5,16,940,3
10947,LW,455,3.2,713,907,47
10701,GK,128,4.3,570,336,364
5904,CDM,72,3.1,249,433,107
2091,GK,100,4.1,88,758,423
1968,ST,28,4.9,516,795,80
7134,LM,214,3.0,73,942,784
10701,RW,478,4.9,401,915,991
9225,ST,177,4.6,930,609,135
7503,CAM,89,3.2,963,714,532
6150,GK,155,3.9,909,638,372
7749,LM,386,3.8,619,944,988
7626,CB,488,4.2,577,590,141
6642,LM,17,4.4,810,508,380
1353,CDM,328,3.6,507,741,420
2214,GK,195,1.7,399,143,724
6642,RW,283,3.8,86,631,766
10332,CB,293,3.7,227,66,113
11193,CDM,141,1.8,464,753,623
9225,ST,83,1.8,470,324,590
6519,ST,342,1.1,185,811,154
8241,ST,29,4.5,65,92,591
3444,CDM,227,2.0,203,392,197
1353,CDM,481,3.6,33,598,352
7626,CDM,218,2.7,902,100,386
11562,LW,257,2.4,76,938,461
4428,RM,462,3.8,45,952,474
3567,LW,448,4.1,594,629,903
3075,GK,391,1.2,979,560,451
1845,LB,19,4.9,720,659,700
3690,RB,232,5.0,452,974,980
1230,RM,350,1.0,742,916,640
1476,LB,274,3.8,66,594,818
11931,GK,349,3.5,739,528,525
3936,ST,63,3.0,443,635,82
5412,CDM,252,3.6,61,793,484
3690,LW,157,1.3,532,894,718
3444,GK,140,4.0,660,395,182
8979,RW,271,1.1,262,21,992
12300,CAM,21,4.2,382,284,453
3936,CB,390,3.2,984,937,186
12300,RB,265,4.7,49,505,394
8610,LB,290,4.0,833,525,936
9348,LW,338,1.3,393,901,558
4182,CAM,316,1.7,477,871,8
1599,CDM,46,4.9,520,736,949
8979,RW,403,2.2,43,374,931
3813,ST,421,2.3,292,500,740
8979,CB,489,3.3,968,343,680
8364,LB,489,3.2,666,172,704
4182,LM,390,1.8,928,613,112
8979,LM,150,4.9,370,413,790
6150,LM,467,3.8,129,199,293
4428,CB,301,1.4,46,190,840
1599,RB,496,2.2,298,96,175
9594,CB,145,4.0,312,145,555
3075,GK,296,4.0,526,706,211
11562,LB,346,1.5,815,650,327
2829,ST,335,1.3,214,304,891
5904,CDM,475,5.0,135,58,181
3936,LM,261,1.3,323,705,942
7749,GK,318,4.1,294,547,814
7749,ST,83,4.1,263,922,763
3321,CAM,361,3.3,146,251,907
2952,RW,380,1.9,467,189,303
6273,CDM,357,2.1,267,577,989
10332,CDM,210,2.6,523,269,281
9963,CB,297,4.5,717,446,533
7011,LB,395,4.0,774,570,395
7134,LW,498,5.0,122,681,598
9471,RM,493,3.8,310,281,147
5904,GK,212,2.5,291,468,569
10209,GK,289,4.3,784,485,513
10947,RM,215,4.9,342,180,683
5166,LM,434,4.7,662,718,382
2829,CDM,379,1.9,895,71,747
4428,CDM,256,3.0,674,820,320
8856,RW,300,2.7,993,858,244
8487,RW,298,2.0,365,53,202
8856,CDM,429,1.0,164,920,266
2706,CDM,221,3.6,377,564,246
6642,CDM,344,1.3,132,346,431
2460,RB,87,1.6,875,611,726
10578,LB,104,1.1,747,40,732
3444,CAM,315,1.7,99,138,270
1968,GK,26,4.3,103,842,200
10209,CDM,483,4.0,783,592,448
4674,RM,191,3.5,654,164,16
6273,LW,131,1.3,237,364,479
6150,LB,498,1.7,804,211,897
5412,RB,463,4.0,647,621,548
11193,RB,289,1.5,68,507,934
2091,GK,165,3.9,763,648,341
1599,RW,260,2.2,425,921,661
3444,RM,15,2.8,812,353,20
10824,RM,165,4.6,528,124,450
10209,CAM,20,4.0,871,375,756
10947,LB,185,2.8,777,142,671
8979,LM,68,2.8,598,62,299
8487,LB,75,3.8,21,958,549
6027,ST,300,1.7,933,745,339
6519,LM,28,2.0,93,579,318
2091,GK,6,1.8,208,149,24
2460,RB,29,2.8,566,544,57
10086,CB,461,4.1,562,214,231
1230,RB,472,1.2,389,789,447
11685,ST,81,4.4,664,520,503
8610,CDM,25,4.3,708,900,123
7749,CDM,146,1.3,765,580,807
4797,LB,241,1.3,111,649,295
3444,CB,75,4.0,441,961,370
7257,LB,230,1.5,358,812,966
8118,ST,37,4.9,458,447,581
11316,LB,78,4.5,174,818,305
4182,GK,55,3.6,578,4,497
1230,GK,426,1.6,77,874,684
5904,LB,393,2.0,904,22,14
11931,LW,104,2.2,25,319,486
10824,LW,435,4.9,572,203,95
8241,RM,75,2.1,643,662,99
4182,RB,347,4.4,641,344,137
5412,ST,48,4.9,573,266,421
7503,RM,310,3.4,538,608,68
7011,LW,378,4.2,811,640,354
10086,LM,157,1.8,387,326,130
3075,RM,239,3.9,175,303,358
6027,ST,445,1.7,691,75,545
9348,CDM,486,1.0,825,551,496
1353,LW,275,2.9,899,904,792
10332,ST,42,4.3,198,724,52
11316,CAM,396,1.4,687,291,659
8118,RM,306,3.0,252,923,321
7134,GK,324,3.6,286,713,227
11070,RB,367,4.8,555,555,674
10086,CB,35,1.0,29,519,594
6273,GK,89,4.7,4,380,290
11070,CAM,80,4.4,409,338,412
8856,ST,459,2.1,617,668,185
1353,CAM,323,2.5,415,798,913
9717,CAM,111,3.8,585,726,159
5412,CDM,496,2.3,422,763,733
9717,LW,73,2.2,781,912,753
10578,GK,107,2.4,188,800,269
4182,CB,238,3.7,380,256,331
9594,RM,226,1.8,886,26,468
3690,ST,402,3.9,960,238,264
4551,LM,247,3.3,829,305,681
7257,CB,85,4.0,668,554,839
3198,RB,140,4.7,796,653,974
5535,RB,35,3.9,180,23,343
1476,LM,254,1.9,407,603,190
7626,LB,9,4.6,533,791,847
2337,RW,384,1.8,946,843,984
3444,GK,346,4.2,535,654,961
7626,RM,358,3.3,626,948,908
4428,LM,457,3.3,694,405,256
2214,RM,443,3.8,536,141,811
1968,RW,241,1.7,258,782,692
9717,RB,340,1.8,274,552,337
4797,CAM,13,4.9,709,683,922
8610,CDM,484,3.8,69,1,519
12300,ST,15,1.5,159,702,360
9348,CAM,64,3.0,531,235,183
10086,ST,173,2.1,518,322,657
8979,LM,25,4.2,96,641,429
6150,RB,380,3.0,701,103,754
2583,CB,274,3.7,157,997,374
10824,RW,125,3.8,147,340,313
11439,GK,175,4.2,604,605,872
1599,RM,100,4.2,588,494,919
10701,RM,190,4.6,371,729,662
7380,GK,99,2.3,469,398,636
8364,CB,429,3.1,178,929,131
3321,LB,156,3.3,754,692,628
4674,CB,406,4.7,529,956,18
8856,CAM,87,2.0,42,767,546
9594,RB,451,3.2,972,191,482
4920,LB,130,3.8,335,955,822
1476,LM,162,4.2,750,522,472
6765,CAM,56,1.9,700,135,4
2460,LB,169,4.1,646,852,824
8487,CB,417,3.2,280,12,970
8733,CB,92,5.0,887,824,473
10578,RM,401,3.4,611,70,409
1968,RB,139,1.7,445,350,463
9102,LW,466,2.1,722,854,708
3813,CB,12,2.8,699,306,805
10332,RM,7,2.5,915,207,289
5658,LW,370,4.5,450,435,669
2460,ST,81,4.1,78,94,335
6273,RM,381,2.8,432,300,979
12177,RW,101,4.9,821,949,693
2829,ST,236,2.7,714,225,378
3444,RM,372,2.8,525,985,410
7257,RM,55,3.9,558,384,541
5904,CB,431,2.8,794,576,578
5658,ST,200,1.9,992,7,777
10947,GK,420,3.7,686,185,110
7503,ST,47,2.9,860,302,220
1968,LW,175,1.5,636,404,656
5043,ST,48,3.4,760,442,218
4797,CB,426,1.6,610,417,263
10947,CDM,84,4.0,934,856,411
3444,RM,386,2.7,672,260,955
5658,LW,358,4.8,596,663,419
8610,RW,150,3.8,561,115,222
10455,ST,338,4.3,892,273,997
2337,RM,379,2.5,891,169,288
5289,CDM,72,4.9,72,39,383
7749,CAM,283,1.6,973,865,651
4674,CB,234,2.3,850,347,194
10332,ST,161,2.0,661,689,808
11562,GK,15,2.8,154,453,325
5658,RM,372,2.5,50,934,171
11931,RB,453,4.0,314,623,65
11808,RB,276,3.1,333,268,905
3321,LM,470,3.5,755,126,863
10947,RM,334,2.6,625,163,940
10332,GK,352,4.5,831,155,25
4182,RB,224,2.1,807,690,655
11193,LB,38,2.4,712,995,697
3690,RM,307,1.1,329,208,917
11070,LM,64,2.2,571,31,294
9594,RM,421,3.5,584,137,191
12300,RM,218,4.9,158,35,101
5535,GK,288,2.0,376,943,163
7380,CAM,32,2.3,257,887,60
7626,LB,319,4.9,101,585,825
5904,LB,192,1.3,75,134,782
4797,LM,391,2.6,832,699,475
9225,LW,499,4.6,870,6,128
5043,RW,86,1.3,189,515,746
8733,RM,153,1.6,320,317,310
6150,LW,477,4.2,32,183,608
10824,LM,217,4.9,482,695,899
7503,LW,380,4.7,809,159,340
11439,GK,458,4.6,819,770,719
8487,CDM,355,3.8,925,557,950
8979,GK,263,3.2,948,109,41
11931,CB,298,1.7,354,434,605
1968,CDM,175,1.6,107,64,911
3075,LW,473,1.5,141,839,328
6027,RM,386,4.5,727,267,51
7257,LW,275,3.5,366,761,642
3321,LB,469,3.7,907,98,10
10332,CB,124,1.7,38,619,983
12300,CDM,248,1.1,325,298,164
6027,LM,164,3.6,635,342,796
5658,CDM,33,4.9,521,746,455
4920,GK,416,4.9,554,264,690
4674,RW,461,1.1,121,153,595
1476,CB,114,1.6,402,270,56
5781,ST,436,1.6,684,749,526
11316,CDM,305,5.0,616,595,793
9225,CDM,469,1.3,869,982,509
6027,CAM,63,2.4,867,254,770
7380,LW,375,1.1,388,102,985
11931,RW,356,1.7,776,72,228
12177,GK,348,4.4,858,9,586
2706,GK,18,1.3,618,484,317
1722,ST,214,4.8,461,573,745
1353,RB,221,3.1,539,521,278
7380,CDM,463,4.7,978,287,593
5904,RM,241,3.3,998,481,904
9963,RB,430,1.8,20,309,384
8241,LW,456,1.4,506,325,221
10209,LM,230,4.9,965,780,972
9225,CAM,305,4.3,659,166,556
1722,CB,140,3.1,260,122,649
5043,CDM,37,1.0,665,914,730
9594,LW,272,3.0,321,837,165
8118,GK,333,1.5,302,673,687
6150,CB,35,3.1,250,168,464
7749,LB,464,4.0,879,418,702
4797,RB,15,4.0,675,588,229
5412,CB,271,4.9,2,518,452
9348,LM,196,1.6,398,968,735
5658,RW,193,4.2,605,898,79
10455,CDM,21,4.9,41,872,50
9840,LM,458,1.2,606,448,743
10209,CB,175,5.0,421,482,862
5781,LM,348,4.2,34,628,93
2952,LM,129,4.1,848,919,536
1599,ST,211,4.8,552,489,437
6396,LW,291,2.1,670,971,576
8118,GK,470,3.6,859,513,921
9594,LW,158,4.7,300,855,606
2952,CDM,157,1.1,817,600,76
6888,LW,190,2.7,609,566,893
11808,ST,487,4.3,442,178,723
5781,CAM,7,4.6,682,140,432
12300,RM,112,2.7,653,24,553
6642,ST,226,4.0,586,964,106
10947,LW,186,2.5,639,682,342
3567,CDM,484,1.4,360,196,803
2952,LW,63,4.1,799,885,243
10086,LW,16,3.8,301,768,367
10455,LM,277,2.8,511,215,255
4797,LB,358,2.1,745,700,406
7503,GK,418,2.2,287,261,351
10947,LW,66,4.1,472,652,521
11439,RW,88,2.9,733,311,986
1353,RM,163,4.2,239,838,920
8364,LB,182,4.6,499,750,332
7749,CDM,117,1.6,996,421,976
4059,RW,397,1.6,67,367,629
9471,LW,136,3.6,778,157,373
8856,CAM,150,3.0,493,377,308
1230,RW,337,1.3,109,504,359
1353,LB,263,3.8,967,888,424
7134,CAM,27,4.3,484,87,500
2337,CDM,153,2.3,976,43,959
9717,CDM,389,2.3,917,730,344
12300,RM,490,1.5,119,593,645
9348,GK,323,2.7,460,123,192
3444,RM,194,3.4,580,136,477
10209,CAM,451,4.9,910,174,511
7995,CB,271,3.9,270,620,850
11562,GK,306,4.2,496,414,77
5904,RB,422,4.4,23,719,890
5781,RB,165,2.0,751,565,357
1968,ST,313,1.7,8,474,550
12054,ST,326,2.3,184,32,292
6396,RB,218,1.2,676,246,514
6888,RW,238,4.4,268,44,731
8487,RM,254,3.7,453,543,398
1845,RW,398,2.7,937,786,772
11931,GK,477,1.8,846,312,711
11808,RB,196,3.1,137,936,956
9840,LB,282,3.9,543,472,981
8856,RB,72,3.3,813,352,960
5781,LB,82,2.9,513,819,85
6150,CAM,381,2.2,792,455,620
12054,RM,78,2.0,170,5,788
11931,LB,420,2.2,908,883,425
4059,CB,108,4.5,999,821,841
7134,LW,62,4.5,853,133,909
12177,RW,287,3.7,906,440,774
11316,RM,455,3.4,834,902,678
5166,CAM,411,3.8,429,362,508
12177,LB,101,3.1,117,514,686
10578,LB,402,2.9,769,368,361
1353,LW,492,1.8,622,152,115
7749,RW,156,3.0,222,771,648
7134,RW,59,3.5,439,891,430
11808,LB,93,2.3,593,686,73
2214,ST,394,2.1,864,759,48
8118,GK,38,1.7,721,979,433
3567,RB,157,4.1,678,192,758
3690,RB,348,2.7,35,372,248
1353,RW,315,3.8,487,68,833
9840,RW,493,4.1,608,764,570
2829,RB,225,3.1,160,538,260
8364,CAM,97,1.8,990,355,338
10578,GK,105,3.0,100,113,491
6150,RM,151,3.8,338,457,30
7749,ST,314,3.8,182,908,207
7380,RM,58,2.4,334,175,967
1845,CDM,202,1.3,259,526,198
9717,LW,80,2.9,954,334,127
6888,CDM,316,4.6,269,881,102
2337,RB,394,4.1,419,895,6
3444,RW,385,3.4,266,656,900
2214,CDM,143,1.1,424,960,515
2337,RM,78,3.1,486,86,114
4797,ST,31,2.5,913,429,791
8610,GK,491,3.7,509,868,666
7011,LW,319,2.0,773,584,894
5904,RW,266,3.9,54,792,353
10824,CB,324,4.8,169,228,609
4182,RM,73,4.6,707,412,271
4305,CAM,226,3.8,772,523,996
7380,LB,96,4.3,217,511,729
7011,RW,140,3.4,876,461,952
5904,CAM,211,3.0,919,386,196
6642,CAM,459,1.0,890,657,349
11808,GK,441,2.1,779,530,831
3567,LW,243,1.2,731,436,646
4551,CAM,228,4.2,383,61,2
10209,RW,464,1.4,31,727,280
3321,CB,466,3.2,838,510,999
4059,CDM,104,4.0,143,219,701
6150,CB,106,1.2,512,517,476
6519,RM,288,4.4,485,197,603
8118,LB,432,3.7,961,450,673
6027,GK,166,2.5,856,740,670
8610,CB,374,4.2,497,501,11
10701,RW,247,3.0,652,658,757
4305,GK,15,1.3,83,188,705
5904,LW,497,4.6,519,833,116
10701,RM,214,3.7,842,381,254
3690,LW,156,2.5,828,259,467
6888,CAM,474,3.6,698,540,528
7257,CB,454,2.6,10,769,597
5535,RB,121,2.8,703,161,889
11808,CB,154,1.9,216,848,563
10824,CDM,194,4.6,865,424,810
7503,ST,417,4.1,503,863,166
6765,LM,125,2.0,693,710,886
1845,CDM,295,4.0,53,755,993
6396,RM,53,3.1,502,370,35
4797,RM,211,3.1,623,529,78
10578,RW,220,2.4,505,465,314
5289,CAM,463,4.2,471,998,954
6150,CDM,132,1.3,60,889,399
11193,LM,90,2.6,308,655,136
7380,RW,256,1.9,500,810,915
10455,LW,236,1.8,289,316,937
9471,LM,439,4.1,473,589,682
4428,CAM,6,4.3,718,118,737
9225,CDM,196,2.2,451,237,871
4674,GK,190,3.9,18,475,87
11439,LB,283,1.5,404,512,631
5781,LB,24,2.4,48,255,504
2214,RM,137,3.7,916,828,727
10332,RM,174,4.8,313,114,300
12054,GK,497,1.3,392,14,739
8856,RB,481,1.2,317,171,868
4920,CDM,452,4.8,931,646,910
5043,LW,426,1.6,319,290,195
7257,LB,327,1.1,202,806,835
2952,LM,220,1.9,183,610,69
3075,RB,336,4.0,591,976,787
1968,LM,493,3.3,133,711,647
2214,GK,403,3.9,738,490,506
6027,LM,215,2.3,771,575,832
7380,LM,78,3.6,881,242,884
3813,LM,278,3.3,851,415,438
11931,LB,326,3.2,911,218,709
7995,GK,397,4.5,582,830,12
11562,LB,309,1.8,113,248,617
2091,RW,431,2.8,367,712,968
10086,RB,435,3.5,719,873,923
7995,CAM,178,2.8,692,120,721
7011,RM,452,2.7,567,757,415
6642,LM,229,3.6,192,615,416
10332,RB,109,1.5,221,85,74
10209,LM,287,4.0,548,680,806
6888,CB,440,2.4,115,139,104
1845,RW,463,1.3,126,622,531
2583,LB,411,4.7,82,224,251
10455,GK,27,1.5,385,808,188
4920,GK,118,5.0,730,601,621
9348,CAM,171,2.9,550,89,613
9102,GK,176,3.4,15,965,143
7626,LB,483,4.6,261,473,59
11562,RW,463,4.6,375,438,575
8241,CAM,226,4.1,448,587,54
7257,RB,31,3.3,801,444,298
3444,LM,369,1.4,759,639,274
6642,CDM,485,3.8,168,496,138
9348,RW,259,2.9,276,614,534
4305,LB,84,2.2,826,862,481
3444,CDM,118,3.8,206,361,209
6765,LB,91,4.7,974,781,827
6765,CB,389,4.5,112,379,565
8610,LW,51,1.8,420,321,441
7380,GK,485,2.7,517,829,400
6027,ST,450,3.5,612,397,125
7380,LW,45,4.3,58,59,469
1845,GK,25,5.0,279,131,153
1845,CDM,445,3.1,26,634,365
11808,ST,10,4.7,346,279,722
3075,CDM,60,3.8,378,765,582
6027,CB,275,4.0,435,144,368
7257,CAM,330,4.8,945,899,336
1968,CB,361,4.3,488,774,672
5412,LB,428,4.6,888,469,160
12300,LW,406,1.3,352,460,691
6642,CB,413,2.5,40,318,329
1599,RW,287,1.5,71,234,434
4059,LB,48,4.8,734,308,750
7503,LB,251,1.7,715,464,599
2091,GK,229,2.3,30,423,713
8241,CDM,327,3.4,57,715,146
8610,CAM,449,4.0,645,867,172
3813,LW,133,4.8,163,349,376
4551,RB,372,3.1,844,425,767
3813,RM,473,2.5,52,953,150
10332,CDM,448,3.0,997,738,33
11931,RB,15,4.3,396,532,287
4059,RW,96,1.7,685,533,485
12054,CB,170,3.8,927,310,97
3567,RM,145,3.9,345,34,223
9594,ST,484,4.4,403,869,499
3444,CDM,491,3.6,673,93,587
4674,RW,429,2.0,3,278,902
5658,ST,6,2.4,476,101,634
5043,LB,127,3.6,640,935,13
6888,ST,174,4.9,564,193,873
2091,RB,81,1.6,877,294,982
4551,LW,137,1.1,576,674,487
9225,RW,279,2.4,285,630,768
8979,CAM,368,3.0,136,665,584
7749,LW,466,1.1,501,545,262
7995,LM,445,4.9,200,63,658
8610,GK,362,3.2,475,739,63
8487,RW,373,3.0,949,495,179
7011,RB,67,1.2,849,55,470
2952,CAM,491,1.0,847,458,512
3936,CB,276,4.4,306,804,619
2460,RW,51,1.2,767,541,236
1230,CDM,79,2.7,649,797,676
1722,LM,269,3.2,761,182,446
4920,CDM,304,1.9,307,926,379
6642,CB,45,1.9,690,272,715
6273,LB,406,4.5,130,307,38
4428,ST,82,4.3,230,671,600
8364,RB,16,4.9,144,572,748
1353,CB,297,2.7,62,747,71
3321,RM,105,3.8,814,966,180
6027,LM,136,3.0,762,466,253
2091,RM,246,3.2,920,679,552
11193,CAM,472,1.4,542,391,369
4305,GK,437,4.5,966,694,637
9225,LW,449,4.7,362,385,108
7626,RM,372,2.6,271,876,638
3444,RM,410,1.8,74,378,944
10824,LM,85,4.6,695,147,1000
2706,GK,131,1.8,938,11,574
5412,GK,76,3.4,655,483,654
1476,GK,182,4.4,235,999,466
4551,RW,477,4.3,711,946,714
5658,ST,108,4.5,199,422,971
10701,LM,456,2.5,347,439,381
6273,CDM,182,1.0,47,569,7
1476,RW,92,3.3,522,249,951
4428,ST,164,4.0,944,932,741
3075,RB,352,2.6,156,148,932
10455,CAM,432,3.6,743,117,492
7257,RW,368,3.4,995,360,775
7503,ST,238,1.0,116,125,762
5658,RB,423,4.0,630,16,809
1599,LM,125,3.9,764,476,799
2583,LM,50,1.3,411,788,679
5289,GK,11,3.7,627,51,296
2706,GK,372,4.9,547,37,407
3321,GK,275,3.3,575,558,319
5904,CAM,70,4.3,669,861,118
6273,GK,366,3.7,231,832,759
1968,GK,223,4.3,152,449,334
8733,RM,483,1.8,369,83,489
8487,CDM,158,1.7,579,617,5
12177,LM,275,2.9,219,25,875
7749,CB,98,1.6,958,801,778
9963,RW,312,4.4,311,154,695
10086,RM,80,3.4,229,409,539
11931,CDM,198,3.2,498,548,103
5289,LW,469,4.7,569,296,520
2091,CAM,412,3.6,350,110,206
1599,LB,474,4.8,987,933,396
7872,RM,42,1.3,852,805,856
5781,RB,283,1.1,971,857,941
11070,RW,113,4.6,880,212,696
1353,ST,17,1.3,740,644,230
1353,CDM,426,2.8,551,870,945
8979,RB,396,1.5,557,913,427
10824,CAM,32,4.8,679,684,860
8979,LM,355,2.1,207,778,389
8241,RW,232,4.9,454,988,736
1722,LM,207,4.8,905,253,471
10578,RM,365,2.8,541,301,444
8979,CDM,375,4.0,900,498,184
12177,RM,278,3.6,322,992,876
10209,LB,293,2.6,631,213,820
6273,CAM,460,4.3,732,459,887
5166,RM,483,4.2,431,443,596
7011,LM,52,1.6,105,875,804
9102,CB,238,2.1,702,345,493
9348,RB,141,3.4,210,65,776
1845,RM,340,3.3,583,890,987
6765,RB,197,3.5,349,29,428
6888,RM,52,4.0,480,986,698
7626,ST,58,3.5,140,951,458
9717,ST,219,3.2,681,10,201
5658,CAM,376,4.8,803,877,393
1230,RB,172,3.8,125,245,225
1230,CAM,390,4.0,474,452,129
11193,RW,225,3.0,788,864,660
3198,RM,426,3.0,220,116,37
9963,RW,44,1.7,953,341,975
6273,LM,18,4.6,818,773,86
4428,CAM,236,3.6,373,275,527
6765,CAM,286,1.1,648,582,857
5043,RM,136,4.2,918,612,483
10332,RW,352,4.3,710,559,995
3198,ST,304,2.3,885,748,176
2460,LW,50,3.1,835,2,668
3567,LW,216,2.0,823,332,836
10209,GK,317,1.8,92,441,816
9348,CAM,309,3.1,379,252,333
9840,RB,211,3.6,514,527,612
5412,LB,424,4.2,621,744,98
5658,CB,296,2.8,196,222,465
5166,CAM,348,4.9,150,531,837
7749,CAM,120,4.4,785,217,89
8364,CAM,152,3.5,91,286,96
5781,ST,477,1.6,84,119,781
6765,LB,91,3.1,63,42,865
10209,ST,499,1.3,924,1000,240
7503,CDM,274,3.3,680,411,918
5535,LW,231,2.2,440,506,906
10086,CDM,437,2.3,19,8,19
12054,LW,161,2.4,805,599,848
12300,CB,90,4.6,213,825,346
5535,LM,231,2.1,343,467,892
7011,CB,183,4.5,205,276,957
5289,GK,385,3.4,290,420,226
8241,LM,124,3.7,437,277,583
2829,ST,23,3.1,752,772,639
6273,CB,144,1.6,766,331,187
11316,CDM,161,4.7,110,661,769
9717,CB,498,3.6,7,991,204
11808,LW,140,3.9,624,550,930
7872,LM,221,4.2,893,52,42
9840,RB,293,3.2,756,333,537
2337,RB,144,1.1,882,15,953
11439,CAM,220,3.7,364,984,826
4428,CB,437,4.4,28,959,177
10701,RM,301,4.7,209,73,703
7749,LW,63,3.0,228,292,120
3690,LB,456,3.0,106,463,324
6765,ST,140,4.8,253,176,844
6150,CB,124,2.0,244,556,688
5289,CB,210,3.1,866,60,250
11562,CB,348,2.4,872,886,490
1722,LW,478,2.8,466,539,233
11193,CAM,143,2.5,964,978,245
2952,LB,243,3.5,492,502,26
11562,CB,349,2.8,898,847,689
8856,CDM,239,4.1,332,784,994
7995,LB,236,2.0,540,731,573
6150,GK,9,2.1,282,90,408
4305,RB,213,2.4,44,486,535
2829,GK,250,3.4,331,162,927
11808,CB,8,2.8,896,688,142
8118,LW,255,2.2,977,670,316
1722,CB,129,1.5,600,233,385
8364,CDM,40,4.2,770,388,948
8241,RM,294,1.8,416,230,252
1599,RM,387,4.7,12,239,929
8610,LM,225,2.4,155,57,585
9348,CB,148,1.6,90,717,43
3198,LW,60,3.0,559,401,29
2952,CB,494,1.9,449,299,830
12300,CDM,439,4.6,114,499,178
3321,ST,173,4.9,749,973,712
3567,LM,300,4.0,355,732,111
9840,CAM,464,1.9,142,567,276
5904,CDM,71,1.1,134,402,234
2460,LM,385,4.6,725,516,663
6888,RM,351,3.0,459,95,17
5658,ST,163,3.0,991,19,239
6027,RW,452,2.7,568,376,445
6765,CAM,135,3.1,929,262,55
1722,GK,117,3.1,658,817,161
10332,ST,339,2.9,845,675,895
2583,RM,35,4.6,736,561,610
3198,LM,12,4.0,14,678,426
4182,CB,87,2.6,27,851,387
1599,LM,276,4.3,264,775,279
4305,GK,366,5.0,481,836,879
6273,CDM,81,1.9,603,428,478
11562,GK,476,1.4,11,335,990
3198,RB,398,4.5,553,400,435
4920,LB,71,1.7,490,477,644
12300,LW,356,3.9,318,989,914
9963,LM,298,2.7,530,647,404
1968,RB,266,4.4,430,173,456
10578,LB,52,4.7,780,787,388
5781,GK,187,2.1,223,892,614
8856,CDM,172,4.9,17,785,309
3444,LW,339,4.8,344,289,898
11193,GK,306,4.7,897,427,257
12177,CDM,433,1.7,131,244,61
1722,CB,75,1.8,85,990,625
9225,RB,413,1.1,254,776,771
6027,LM,310,2.5,340,271,315
9963,GK,62,1.5,820,293,789
9717,CDM,318,4.4,786,426,285
7257,RB,35,1.9,64,200,530
3321,LB,473,4.2,5,373,44
10455,RM,33,4.4,104,578,34
2952,ST,144,3.2,704,503,928
7257,ST,73,1.4,729,993,560
9102,ST,89,3.0,873,645,241
1353,RB,413,4.0,179,779,267
11193,CB,12,2.2,868,606,965
2091,CAM,356,2.4,599,181,277
3813,RW,332,4.5,89,160,58
1968,CAM,28,3.6,587,45,265
8364,CDM,188,2.5,883,202,402
8979,LB,77,3.7,394,226,802
10701,RM,470,2.1,491,41,813
8733,GK,393,2.0,878,813,635
5289,RB,121,2.1,696,537,151
9348,RW,148,3.4,677,581,845
8979,GK,135,3.6,139,36,652
8487,RB,389,3.7,980,478,232
7503,LW,232,2.5,657,742,786
10455,ST,323,1.5,153,704,641
11562,RW,178,1.7,797,672,849
10209,LW,469,4.1,444,845,286
4797,LB,190,4.9,940,106,870
12177,ST,259,5.0,863,33,362
5904,RB,378,3.0,315,74,815
6888,CB,130,1.3,59,783,90
10947,LB,473,4.8,667,802,193
1845,LB,342,2.6,478,167,366
3567,CAM,19,2.4,922,928,119
12054,CDM,93,1.8,546,206,173
5904,CAM,107,2.9,524,981,977
9471,GK,482,4.6,790,403,935
5289,LM,406,3.8,689,77,81
5412,RB,241,1.3,165,130,144
6519,ST,415,5.0,504,669,800
12054,LB,162,3.6,22,387,579
2952,CB,14,3.8,127,170,505
10209,CAM,410,3.5,697,546,854
4674,LB,455,2.8,656,693,216
5658,LB,484,1.5,986,983,457
7503,LW,60,4.8,628,607,624
10578,GK,265,4.3,544,909,235
9225,RM,380,2.4,683,822,272
6765,ST,203,2.8,462,697,105
11808,LB,50,4.5,225,987,523
4920,CDM,32,3.5,841,733,88
3567,CDM,212,2.3,456,330,100
3198,RW,468,4.4,410,849,214
2337,RW,8,1.9,942,323,846
6642,RW,18,1.2,55,534,126
8979,LM,205,3.6,830,803,611
9102,RM,19,4.2,149,328,237
1968,LB,53,4.3,1000,491,843
6888,CAM,169,2.0,537,177,83
2091,LB,224,4.2,590,903,62
11931,CDM,250,4.2,363,939,707
3321,LB,164,1.3,211,258,878
6273,GK,398,4.5,326,257,436
6150,ST,328,4.1,423,337,869
9225,LW,17,2.0,824,493,401
8364,ST,194,4.2,816,49,717
10947,LB,474,2.1,634,283,554
1230,RB,22,1.2,265,20,665
2337,RB,156,2.8,638,27,744
9840,CB,344,2.6,193,709,22
6765,CDM,55,2.9,595,708,779
6519,LW,277,4.6,969,445,564
5289,LW,219,2.8,6,132,330
6519,RB,274,4.7,427,583,169
1230,LW,380,2.3,748,896,834
2214,GK,217,4.5,255,297,855
7257,RM,138,2.5,975,954,307
7011,ST,494,4.9,737,369,498
10824,CB,303,2.4,348,790,829
6642,LM,88,2.0,614,924,414
7011,RM,210,3.6,80,941,312
5166,RB,325,2.8,102,947,978
10209,LB,173,3.7,981,263,817
11193,CAM,102,2.1,337,625,133
4797,LB,356,4.1,549,685,880
10332,CB,151,1.1,201,47,544
9717,LB,443,4.2,124,241,443
11070,CAM,453,1.2,236,18,538
9840,LM,53,2.9,339,382,283
7872,RW,100,3.6,903,969,749
9717,LB,457,4.6,706,542,371
10824,LM,107,1.1,172,799,602
2829,RM,227,2.6,663,597,208
6273,CB,472,3.0,489,99,540
1968,LB,87,2.9,161,288,355
8733,CB,219,3.1,483,687,755
5658,RW,32,2.1,372,393,828
4182,CAM,136,2.2,190,574,282
